Item,Link,Step/STL File,Price (bf tax + ship),Quantity,Total
Microcontroller,https://www.digikey.com/en/products/detail/espressif-systems/ESP32-DEVKITC-32E/12091810?gQT=2,N/A,8.09,1,16.18
Battery Holder,https://www.digikey.com/en/products/detail/olimex-ltd/BAT-HOLDER-4XAA/21662650?gad_source=1&gad_campaignid=20783325532&gbraid=0AAAAADrbLliVhFDAqSriuXbsC1EiN0tFu&gclid=CjwKCAjw7fzDBhA7EiwAOqJkh9lExZeceX_pAcL-1aVytfFR7L3JOBg_X3Y_iLB_qMWwFW642HeTPBoCh-kQAvD_BwE&gclsrc=aw.ds,DNE,0.59,1,1.18
Servos,https://www.amazon.com/Miuzei-Geared-Helicopter-Arduino-Project/dp/B0CP98TZJ2/ref=asc_df_B0BWJ2CK9D?mcid=42fb0e1405373275a8e090bd2b714df8&hvocijid=4752185336220157426-B0BWJ2CK9D-&hvexpln=73&tag=hyprod-20&linkCode=df0&hvadid=721245378154&hvpos=&hvnetw=g&hvrand=4752185336220157426&hvpone=&hvptwo=&hvqmt=&hvdev=c&hvdvcmdl=&hvlocint=&hvlocphy=9017274&hvtargid=pla-2281435178618&th=1,https://www.electronicoscaldas.com/datasheet/MG90S_Tower-Pro.pdf?srsltid=AfmBOopFh5ZP-KCsfEakkL5yVIUkPUQWl2_Do_A8-68RYsNCWP2CnjHr,13.99,0.5,13.99
Sensor,https://www.digikey.com/en/products/detail/lite-on-inc/LTH-301-05/3198344?gad_source=1&gad_campaignid=21273973101&gbraid=0AAAAADrbLljyWGOCHlFFcfZETCdLezsJF&gclid=CjwKCAjw7fzDBhA7EiwAOqJkh-4MRv9nci754U5Sh_1Gk9tgjCk57-jxSNfryezqVYfAlnWVnRdQyhoCRuMQAvD_BwE&gclsrc=aw.ds,https://optoelectronics.liteon.com/upload/download/DS-55-92-0002/H301-05.pdf,0.7,1,1.4
Light indicator,https://www.digikey.com/en/products/detail/inolux/HV-5RGB60/7604616?gad_source=1&gad_campaignid=20228387720&gbraid=0AAAAADrbLlilqazAoxr5q6IYaw-_-vecu&gclid=CjwKCAjw7fzDBhA7EiwAOqJkh5ecru-l1ZT5LI9ApcwNIsJfQR3MiCSApFQpVOKJvI3g9hOXdcG7nxoCkHAQAvD_BwE&gclsrc=aw.ds,https://www.inolux-corp.com/datasheet/Inolux%20Lamp/TH%20Lamp/HV-5RGBXX%205mm%20Full-Color%20Series.pdf,1.06,1,2.12
Camera,https://www.alibaba.com/product-detail/p_62408774762.html?mark=google_shopping&src=sem_ggl&field=UG&from=sem_ggl&cmpgn=22635874527&adgrp=177485315221&fditm=&tgt=pla-2412849993011&locintrst=&locphyscl=9017274&mtchtyp=&ntwrk=g&device=c&dvcmdl=&creative=756472634791&plcmnt=&plcmntcat=&aceid=&position=&gad_source=1&gad_campaignid=22635874527&gbraid=0AAAAAD8m77qg6GjXGnNFPJJNBO7JP-gd_&gclid=CjwKCAjw7fzDBhA7EiwAOqJkh3sFHvHTk25Bfiihhjd1lV5CSma3N9T0DB5zS5NlOl8mMyo-YxnT0xoCuTgQAvD_BwE,https://us-icbuim-file.oss-us-east-1.aliyuncs.com/chat/bdf5eb8cdbcff22f275396a9d335c13d.pdf?Expires=1753401367&OSSAccessKeyId=LTAIxlzvmECyZvmX&Signature=MnHNZHGWvgjN2qB4v0weXyZ1VoA%3D&response-content-disposition=filename%3DOV2640-camera%20module%281%29.pdf,1.92,1,3.84
Camera lights,https://www.amazon.com/BTF-LIGHTING-WS2812B1M60LB30-BTF-LIGHTING-WS2812B-IC-RGB-5050SMD-Pure-Gold-Individual-Addressable-LED-Strip-High-Quality-3-28FT-60LED-60LED-m-Flexible-Full-Color-IP30-DC5V-for-DIY-Chasing-Color-Project-No-Adapter-or-Controller/dp/B01CDTED80/ref=asc_df_B01CDTED80?mcid=aab6f3a36a97389abee1397380f9f389&hvocijid=12922171453011528359-B01CDTED80-&hvexpln=73&tag=hyprod-20&linkCode=df0&hvadid=721245378154&hvpos=&hvnetw=g&hvrand=12922171453011528359&hvpone=&hvptwo=&hvqmt=&hvdev=c&hvdvcmdl=&hvlocint=&hvlocphy=9017274&hvtargid=pla-2281435178138&th=1,DNE,8.99,0.5,8.99
buck converter,https://www.alibaba.com/product-detail/p_1601286665356.html?mark=google_shopping&src=sem_ggl&field=UG&from=sem_ggl&cmpgn=22635874527&adgrp=177485315221&fditm=&tgt=pla-2412849993011&locintrst=&locphyscl=9017274&mtchtyp=&ntwrk=g&device=c&dvcmdl=&creative=756472634791&plcmnt=&plcmntcat=&aceid=&position=&gad_source=1&gad_campaignid=22635874527&gbraid=0AAAAAD8m77qg6GjXGnNFPJJNBO7JP-gd_&gclid=CjwKCAjw7fzDBhA7EiwAOqJkh8IpI8KVBmbsfgQdDGbDhzUhFWClT8oR7es3Ld-Gnn2vdX73xH4lPhoCQGAQAvD_BwE,DNE,0.38,1,0.76
1000Uf Capacitor,https://www.digikey.com/en/products/detail/nichicon/UCM1C102MNL1GS/4991837,N/A,1.03,1,2.06
indicator resistor,https://www.digikey.com/en/products/detail/yageo/RC0805FR-10220RL/14008826?gad_source=1&gad_campaignid=17335707486&gbraid=0AAAAADrbLlhVc93_s6E8uaIuN5tZzR-_j&gclid=CjwKCAjw7fzDBhA7EiwAOqJkh527CsFJCFbNzJa69-usU-6znfyDCfmTJSqq4D7XPAFFFQfJqj3mFBoC7a4QAvD_BwE&gclsrc=aw.ds,N/A,0.1,1,0.2
ligihting resistor,https://www.digikey.com/en/products/detail/yageo/RC0805FR-13470RL/14287677?gad_source=1&gad_campaignid=17335707486&gbraid=0AAAAADrbLlhVc93_s6E8uaIuN5tZzR-_j&gclid=CjwKCAjw7fzDBhA7EiwAOqJkh6SjgU5tvYCDcH23XbF9Sm-n1YFcr90ZDsH0mtF9SQlWFqA2rrIOJBoCB7sQAvD_BwE&gclsrc=aw.ds,N/A,0.1,3,0.6
Power Connector,https://www.digikey.com/en/products/detail/w-rth-elektronik/691137710002/6644051?gad_source=1&gad_campaignid=20783325532&gbraid=0AAAAADrbLliVhFDAqSriuXbsC1EiN0tFu&gclid=CjwKCAjw7fzDBhA7EiwAOqJkh-Bb2QKet9_pYhijm2KMMvVEnmYei8YaacJxVmhynZg-Uwv72SVy0hoCbP0QAvD_BwE&gclsrc=aw.ds,N/A,0.74,1,1.48
Servo connector,https://www.digikey.com/en/products/detail/w-rth-elektronik/61300311121/4846825?gad_source=1&gad_campaignid=20783325532&gbraid=0AAAAADrbLliVhFDAqSriuXbsC1EiN0tFu&gclid=CjwKCAjw7fzDBhA7EiwAOqJkh7k0ZqGigQ8fIXtJe9X_ndHCoqhIOY7n4aBzgHr9SU1ySnTK-kh5cBoC0dIQAvD_BwE&gclsrc=aw.ds,N/A,0.12,2,0.48
Sensor board male,https://www.digikey.com/en/products/detail/jst-sales-america-inc/B4B-XH-A/1651047,N/A,0.14,1,0.28
Sensor female,https://www.digikey.com/en/products/detail/jst-sales-america-inc/XHP-4/683353?gad_source=1&gad_campaignid=20783325532&gbraid=0AAAAADrbLliVhFDAqSriuXbsC1EiN0tFu&gclid=CjwKCAjw7fzDBhA7EiwAOqJkh9NHV0fgVVolWw4eS8IlJ5sSFwxfHwGC5bGIJy-NbtyIyNqZi9RRExoCljAQAvD_BwE&gclsrc=aw.ds,N/A,0.1,1,0.2
Sensor Connector,https://www.digikey.com/en/products/detail/jst-sales-america-inc/ASXHSXH22K254/9961919?gad_source=1&gad_campaignid=20783325532&gbraid=0AAAAADrbLliVhFDAqSriuXbsC1EiN0tFu&gclid=CjwKCAjw7fzDBhA7EiwAOqJkh5DnN7jklYFYkHG5uHZpRNlbtVd7Oir44CJWwkA4VteMcgy3hPduHxoCmasQAvD_BwE&gclsrc=aw.ds,N/A,0.77,4,6.16
Indicator board male,https://www.digikey.com/en/products/detail/jst-sales-america-inc/B4B-XH-A/1651047,N/A,0.14,1,0.28
Indicator Female,https://www.digikey.com/en/products/detail/jst-sales-america-inc/XHP-4/683353?gad_source=1&gad_campaignid=20783325532&gbraid=0AAAAADrbLliVhFDAqSriuXbsC1EiN0tFu&gclid=CjwKCAjw7fzDBhA7EiwAOqJkh9NHV0fgVVolWw4eS8IlJ5sSFwxfHwGC5bGIJy-NbtyIyNqZi9RRExoCljAQAvD_BwE&gclsrc=aw.ds,N/A,0.1,1,0.2
Indicator Connector,https://www.digikey.com/en/products/detail/jst-sales-america-inc/ASXHSXH22K254/9961919?gad_source=1&gad_campaignid=20783325532&gbraid=0AAAAADrbLliVhFDAqSriuXbsC1EiN0tFu&gclid=CjwKCAjw7fzDBhA7EiwAOqJkh5DnN7jklYFYkHG5uHZpRNlbtVd7Oir44CJWwkA4VteMcgy3hPduHxoCmasQAvD_BwE&gclsrc=aw.ds,N/A,0.77,4,6.16
Lightning Board Male,https://www.digikey.com/en/products/detail/jst-sales-america-inc/B3B-XH-A/1651046?gQT=2,N/A,0.11,1,0.22
Lightning Female,https://www.digikey.com/en/products/detail/jst-sales-america-inc/XHP-3/1651017?gad_source=1&gad_campaignid=20783325532&gbraid=0AAAAADrbLliVhFDAqSriuXbsC1EiN0tFu&gclid=CjwKCAjw7fzDBhA7EiwAOqJkh0szjal3su0_NWrAzNAr5G-FByRr-OJ676SJIIHM14zMB8CPOGMTzxoCA6UQAvD_BwE&gclsrc=aw.ds,N/A,0.1,1,0.2
Lightning Connector,https://www.digikey.com/en/products/detail/jst-sales-america-inc/ASXHSXH22K102/9961917?gad_source=1&gad_campaignid=20783325532&gbraid=0AAAAADrbLliVhFDAqSriuXbsC1EiN0tFu&gclid=CjwKCAjw7fzDBhA7EiwAOqJkhzK51Ulog5UlvsnLFx2dJwa5w1kF-NlyuTQiaTBXq1XXI8Fw2hAuwhoCB_AQAvD_BwE&gclsrc=aw.ds,N/A,0.71,3,4.26
Camera Connector,https://www.digikey.com/en/products/detail/gct/FFC2B35-24-T/15970899?gad_source=1&gad_campaignid=20783325532&gbraid=0AAAAADrbLliVhFDAqSriuXbsC1EiN0tFu&gclid=CjwKCAjw7fzDBhA7EiwAOqJkh5T_thEZS1M6HrS-AfnBT7NRnk53y2lwZdgMWC0IgW4F0ARWhsPKfxoCWAgQAvD_BwE&gclsrc=aw.ds,N/A,0.44,1,0.88
Camera Wire,https://www.digikey.com/en/products/detail/gct/05-24-D-0101-A-4-06-4-T/21266768?gad_source=1&gad_campaignid=20783325532&gbraid=0AAAAADrbLliVhFDAqSriuXbsC1EiN0tFu&gclid=CjwKCAjw7fzDBhA7EiwAOqJkhzU6E8l8bZqvpxGzcDuJ6DBf5WbZ8UexZIeN3UTRr_NjPMQn-uATjxoCW9sQAvD_BwE&gclsrc=aw.ds,N/A,1.29,1,2.58
Regular wire,https://www.amazon.com/Fermerry-Stranded-Electrical-Silicone-Cables/dp/B089CHVN7G?source=ps-sl-shoppingads-lpcontext&ref_=fplfs&gQT=0&th=1,N/A,9.99,0.5,9.99
Foam for pcb,https://www.aliexpress.us/item/3256805442378894.html?src=google&pdp_npi=4%40dis%21USD%212.22%212.22%21%21%21%21%21%40%2112000033806745946%21ppc%21%21%21&src=google&albch=shopping&acnt=708-803-3821&isdl=y&slnk=&plac=&mtctp=&albbt=Google_7_shopping&aff_platform=google&aff_short_key=UneMJZVf&gclsrc=aw.ds&albagn=888888&ds_e_adid=&ds_e_matchtype=&ds_e_device=c&ds_e_network=x&ds_e_product_group_id=&ds_e_product_id=en3256805442378894&ds_e_product_merchant_id=550323114&ds_e_product_country=US&ds_e_product_language=en&ds_e_product_channel=online&ds_e_product_store_id=&ds_url_v=2&albcp=19678427463&albag=&isSmbAutoCall=false&needSmbHouyi=false&gad_source=1&gad_campaignid=19686402437&gbraid=0AAAAAD6I-hHbTWnjWfXa3b0JiSIiDnXs9&gclid=Cj0KCQjwnJfEBhCzARIsAIMtfKLkC6tFrY03lzOqCGZFSbhi-ocjRXtpVGObKZPs3HCTurApQOjS8mcaApdxEALw_wcB&gatewayAdapt=glo2usa,N/A,6.58,0.5,6.58
Screws,https://www.homedepot.com/p/Everbilt-M3-0-5-x-10-mm-Plain-Metric-Socket-Cap-Screw-3-Piece-per-Bag-803188/204808024?g_store=2728&source=shoppingads&locale=en-US&gStoreCode=2728&gQT=1,N/A,2.25,2,9
More Screws,https://www.homedepot.com/p/Prime-Line-M2-0-4-x-20-mm-Black-Oxide-Coated-Steel-Class-12-9-Metric-Internal-Hex-Socket-Head-Set-Screws-10-Pack-9180136/311732337,N/A,4.99,0.5,4.99
Magnets,https://www.aliexpress.us/item/3256807909032358.html?src=google&pdp_npi=4%40dis%21USD%217.18%214.06%21%21%21%21%21%40%2112000043701895592%21ppc%21%21%21&snpsid=1&snps=y&snpsid=1&src=google&albch=shopping&acnt=742-864-1166&isdl=y&slnk=&plac=&mtctp=&albbt=Google_7_shopping&aff_platform=google&aff_short_key=_oDeeeiG&gclsrc=aw.ds&albagn=888888&ds_e_adid=&ds_e_matchtype=&ds_e_device=c&ds_e_network=x&ds_e_product_group_id=&ds_e_product_id=en3256807909032358&ds_e_product_merchant_id=5551326180&ds_e_product_country=US&ds_e_product_language=en&ds_e_product_channel=online&ds_e_product_store_id=&ds_url_v=2&albcp=22443129574&albag=&isSmbAutoCall=false&needSmbHouyi=false&gad_source=1&gad_campaignid=22443130765&gbraid=0AAAAA99aYpd2U62zy7NJbxugve-htRI8R&gclid=Cj0KCQjw-ZHEBhCxARIsAGGN96LJc0CtVUfNG208x3nD6uTlhOKRtQ0U2k0tnoKhLppi9lUUB-NWHHAaAvCEEALw_wcB&gatewayAdapt=glo2usa,N/A,0.99,1,1.98
Shipping + Tax,,,,,35
,,,,,142.24
